Area,Square Feet,No of Bedrooms,Bathrooms,Age of House,Base Price per Sqft,Estimated Price
Sellur,2439,3,3,16,3000,8838936
Simmakkal,3058,2,2,44,3500,11473616
KK Nagar,2042,3,1,30,5000,11435200
Vandiyur,2770,1,1,22,2500,7174300
Iyer Bungalow,3131,2,3,37,2500,8735490
Alagarkoil Road,3040,3,1,3,2000,7137920
Melur Road,2184,3,3,19,3000,7875504
Vilangudi,3276,2,1,5,3000,11007360
Krishnapuram Colony,1553,2,2,24,3000,5180808
North Veli Street,3201,4,2,28,3000,11562012
Viswanathapuram,1584,2,1,27,3000,5113152
Narayanapuram,829,1,3,44,3000,2616324
Andalpuram,832,3,1,39,3500,3209024
Koodal Nagar,1425,3,3,38,3500,5805450
Narayanapuram,786,1,3,42,3000,2490048
Iyer Bungalow,1341,3,1,22,2500,3808440
Melur Road,782,4,1,9,3000,2843352
Palanganatham,1982,1,1,24,3000,6136272
Melur Road,914,3,2,18,3000,3219108
Anaiyur,1712,2,1,39,2000,3602048
SS Colony,3012,2,2,16,3000,10192608
Othakadai,2028,2,1,32,2000,4323696
KK Nagar,2302,3,1,26,5000,12983280
Mattuthavani,951,3,3,16,3000,3446424
Bypass Road,1004,1,2,8,3500,3844316
Anaiyur,1891,2,3,8,2000,4440068
Koodal Nagar,2449,1,1,21,3500,8897217
Andalpuram,1316,2,3,27,3500,5232416
Sellur,3449,4,3,32,3000,12685422
Kodikulam,1433,3,3,49,3000,4909458
Avaniyapuram,3405,3,3,11,2500,10368225
Uthangudi,2308,2,3,27,3000,7865664
Narimedu,956,3,1,6,3500,3908128
Krishnapuram Colony,3394,4,3,38,3000,12360948
Tallakulam,2967,1,2,19,5000,15903120
Krishnapuram Colony,2056,2,1,2,3000,6945168
Narayanapuram,1279,1,3,28,3000,4159308
Viswanathapuram,1250,3,3,26,3000,4455000
Periyar,1414,1,2,3,2000,3122112
Sellur,2238,3,1,26,3000,7573392
Koodal Nagar,924,4,3,45,3500,3880800
Tiruparankundram,1875,2,3,5,2000,4425000
Periyar,2361,2,2,1,2000,5468076
North Veli Street,1400,4,1,29,3000,4922400
Nethaji Road,2447,1,1,36,3000,7399728
Andalpuram,2391,3,3,32,3500,9841356
Bypass Road,2334,2,2,32,3500,8953224
Alagarkoil Road,2192,4,2,39,2000,5181888
Sellur,1292,1,1,14,3000,4077552
Melakkal Road,1384,3,2,8,3000,4957488
Villapuram,1570,3,1,39,2500,4325350
Palanganatham,2353,4,1,4,3000,8626098
Lakshmipuram,2093,3,3,1,3000,7773402
Thiruppalai,2921,4,2,23,3000,10638282
Othakadai,2410,3,3,10,2000,5880400
Pasumalai,2935,4,3,48,3000,10513170
Melakkal Road,1809,3,1,8,3000,6317028
Thiruppalai,1331,2,3,29,3000,4520076
Simmakkal,2435,3,1,34,3500,9477020
Thirunagar,886,3,2,1,2500,2675720
Ponmeni,3115,4,1,12,3000,11270070
Palanganatham,1781,1,2,39,3000,5513976
Uthangudi,2840,3,2,15,3000,10053600
Chokkikulam,2846,2,2,44,5000,15254560
Thirunagar,3240,2,1,35,2500,8586000
Tallakulam,1973,2,3,42,5000,10910690
Thirunagar,2812,3,3,38,2500,8182920
Simmakkal,3348,3,1,43,3500,12819492
Anaiyur,2716,3,3,2,2000,6713952
Othakadai,1723,1,3,28,2000,3735464
Andalpuram,1653,4,2,36,3500,6873174
KK Nagar,3411,3,3,29,5000,20159010
Melakkal Road,2309,4,1,43,3000,7924488
North Veli Street,1869,1,2,35,3000,5831280
KK Nagar,2801,1,1,15,5000,14705250
Bypass Road,3127,1,1,31,3500,11141501
Narayanapuram,1940,3,3,2,3000,7193520
Iyer Bungalow,3463,2,2,15,2500,9782975
Chokkikulam,1737,4,2,23,5000,10543590
Iyer Bungalow,1870,4,2,21,2500,5694150
Lakshmipuram,1580,2,3,25,3000,5403600
Tallakulam,1927,1,3,1,5000,10964630
Madakulam,1854,1,3,26,5000,10085760
Iyer Bungalow,872,3,1,28,2500,2450320
Viswanathapuram,2437,2,3,41,3000,8100588
KK Nagar,1439,1,3,23,5000,7871330
Lakshmipuram,3235,4,2,48,3000,11296620
Nethaji Road,2137,2,1,45,3000,6667440
Koodal Nagar,1499,2,3,45,3500,5771150
Alagarkoil Road,1710,4,2,19,2000,4179240
Thiruppalai,3018,4,2,30,3000,10864800
SS Colony,841,1,2,23,3000,2684472
Othakadai,3128,1,1,6,2000,6681408
Iyer Bungalow,1285,4,2,33,2500,3835725
Kochadai,1917,4,1,18,3000,6866694
Palanganatham,1976,2,3,28,3000,6722352
Melur Road,2447,4,2,3,3000,9205614
Koodal Nagar,3299,1,3,1,3500,13139917
Narimedu,2511,4,1,46,3500,10001313
Melakkal Road,3054,1,1,16,3000,9601776
Anna Nagar,2248,4,1,44,5000,12836080
Kochadai,3275,4,3,37,3000,11947200
KK Nagar,2907,4,3,46,5000,17412930
Ponmeni,1200,3,1,20,3000,4104000
Villapuram,2195,2,2,2,2500,6343550
Narayanapuram,968,3,3,36,3000,3391872
Madakulam,2611,1,2,29,5000,13733860
Anna Nagar,883,3,1,37,5000,4882990
Thiruppalai,3485,4,1,3,3000,12796920
Mattuthavani,1847,3,1,29,3000,6217002
Villapuram,3044,4,3,3,2500,9771240
Narimedu,3312,2,3,37,3500,12936672
Melur Road,649,2,3,28,3000,2207898
Vandiyur,1726,4,2,18,2500,5281560
Kodikulam,2016,1,3,8,3000,6797952
SS Colony,2008,2,3,30,3000,6807120
SS Colony,817,4,2,25,3000,2965710
Bypass Road,1260,3,1,17,3500,5053860
KK Nagar,972,2,2,3,5000,5608440
Andalpuram,2702,4,2,19,3500,11556454
Anaiyur,1245,1,1,17,2000,2604540
Uthangudi,1889,2,3,46,3000,6222366
Uthangudi,1782,1,3,44,3000,5623992
Vilangudi,1295,2,2,2,3000,4491060
Madakulam,1178,1,2,1,5000,6526120
Othakadai,2791,2,2,15,2000,6307660
Anna Nagar,3327,3,2,25,5000,19296600
Melur Road,1998,2,1,40,3000,6293700
Lakshmipuram,2995,3,3,27,3000,10656210
KK Nagar,2529,2,2,1,5000,14642910
Sellur,2973,3,3,42,3000,10310364
Villapuram,1866,1,3,22,2500,5112840
Melakkal Road,2173,3,1,25,3000,7366470
Pasumalai,3225,1,3,30,3000,10449000
Tallakulam,3308,1,2,18,5000,17763960
Andalpuram,2841,1,2,37,3500,10301466
Bypass Road,1410,3,3,31,3500,5813430
Lakshmipuram,1693,4,1,22,3000,6023694
Lakshmipuram,1597,3,2,37,3000,5442576
Viswanathapuram,3459,3,3,39,3000,12058074
Tallakulam,3402,1,1,48,5000,16737840
Melakkal Road,1856,1,2,46,3000,5668224
Avaniyapuram,938,2,1,4,2500,2631090
Avaniyapuram,2947,3,1,45,2500,8030575
Simmakkal,2151,1,1,44,3500,7468272
Koodal Nagar,1772,4,2,22,3500,7541632
Lakshmipuram,2753,4,3,44,3000,9927318
Mattuthavani,2212,2,1,16,3000,7286328
Pasumalai,2693,3,1,6,3000,9436272
Thiruppalai,1012,2,2,40,3000,3278880
Anna Nagar,1903,4,2,8,5000,11836660
Tiruparankundram,1539,1,2,2,2000,3404268
Melur Road,2297,4,2,32,3000,8241636
Iyer Bungalow,797,1,2,30,2500,2092125
Madakulam,2321,2,1,28,5000,12463770
Nethaji Road,2258,1,2,18,3000,7275276
Anna Nagar,3118,3,1,1,5000,18365020
Thiruppalai,2558,1,1,11,3000,8119092
Ponmeni,2602,4,1,12,3000,9414036
Tallakulam,3481,3,3,39,5000,20224610
Narayanapuram,2362,1,3,21,3000,7780428
Lakshmipuram,1224,4,1,48,3000,4164048
Palanganatham,1674,3,1,15,3000,5775300
Iyer Bungalow,2735,1,1,5,2500,7316125
Viswanathapuram,1101,1,2,40,3000,3402090
Iyer Bungalow,2847,2,3,25,2500,8113950
Kochadai,3240,4,1,32,3000,11333520
Melakkal Road,2824,1,3,48,3000,8844768
Chokkikulam,2739,3,3,2,5000,16927020
Kodikulam,2495,3,3,2,3000,9251460
Kochadai,2326,4,1,39,3000,8038656
Kodikulam,985,4,1,34,3000,3433710
Simmakkal,3376,1,3,29,3500,12784912
Thiruppalai,1397,1,2,6,3000,4601718
Periyar,1885,2,2,48,2000,4011280
Viswanathapuram,2234,2,3,36,3000,7492836
Nethaji Road,2127,4,1,4,3000,7797582
Narayanapuram,2668,2,3,32,3000,9012504
Lakshmipuram,2471,4,3,37,3000,9014208
Andalpuram,2981,3,3,30,3500,12311530
Othakadai,3298,4,1,4,2000,8060312
Othakadai,1478,2,3,17,2000,3417136
Thirunagar,779,1,1,5,2500,2083825
Viswanathapuram,1739,3,2,36,3000,5936946
Viswanathapuram,1398,1,1,23,3000,4336596
Tiruparankundram,2963,4,3,28,2000,7312684
Anaiyur,1779,2,3,47,2000,3899568
Narayanapuram,644,4,1,16,3000,2314536
Vandiyur,1270,4,1,16,2500,3803650
Viswanathapuram,3086,1,2,14,3000,10017156
North Veli Street,1386,4,3,2,3000,5347188
Viswanathapuram,1913,3,1,36,3000,6358812
KK Nagar,3202,3,2,18,5000,18795740
Kodikulam,2030,3,3,38,3000,7088760
Avaniyapuram,2656,2,2,1,2500,7689120
Koodal Nagar,1643,1,1,20,3500,5980520
Krishnapuram Colony,2675,2,1,3,3000,9020100
Tiruparankundram,2168,4,3,46,2000,5194528
Alagarkoil Road,2704,3,2,39,2000,6121856
Viswanathapuram,974,3,1,41,3000,3208356
KK Nagar,1496,2,1,23,3500,5236000
Bypass Road,2181,2,1,30,5000,10905000
Palanganatham,2713,1,1,25,3500,9495500
Tallakulam,1724,1,2,28,5000,8620000
Villapuram,741,3,2,34,3500,2593500
Koodal Nagar,2547,1,1,45,5000,12735000
Melur Road,1078,1,1,48,2500,2695000
SS Colony,1280,3,2,47,2000,2560000
Bypass Road,1231,1,1,25,5000,6155000
Chokkikulam,987,2,2,10,5000,4935000
Krishnapuram Colony,1961,3,2,14,2500,4902500
Kochadai,2623,3,1,42,5000,13115000
Avaniyapuram,1214,2,2,46,3000,3642000
Simmakkal,1254,1,1,30,2500,3135000
Narimedu,2371,3,1,41,3000,7113000
Vilangudi,2934,3,1,25,2500,7335000
Viswanathapuram,2498,2,1,14,5000,12490000
Andalpuram,3252,2,1,35,3000,9756000
SS Colony,1603,1,1,48,5000,8015000
Vilangudi,2723,3,2,34,2500,6807500
Kodikulam,3082,1,2,10,5000,15410000
Othakadai,2968,1,2,35,3000,8904000
Villapuram,1175,2,2,11,3000,3525000
Othakadai,1821,3,1,11,5000,9105000
Lakshmipuram,3074,3,2,21,3500,10759000
Kochadai,1735,3,2,21,2500,4337500
Thiruppalai,2545,2,2,22,2500,6362500
Viswanathapuram,1527,2,1,45,5000,7635000
Tallakulam,2905,2,2,7,3500,10167500
Pasumalai,2322,2,1,17,3000,6966000
Kochadai,3067,2,2,2,2000,6134000
Vilangudi,3435,3,1,12,2000,6870000
Viswanathapuram,2904,1,1,42,5000,14520000
Avaniyapuram,2770,3,2,18,3500,9695000
Narimedu,2393,1,1,11,3500,8375500
SS Colony,3319,2,1,16,2500,8297500
Narayanapuram,3295,1,2,18,3000,9885000
Thiruppalai,1425,3,2,35,3500,4987500
Palanganatham,3371,3,2,26,2000,6742000
Anaiyur,2749,1,1,16,3000,8247000
Avaniyapuram,1524,2,1,6,3000,4572000
Nethaji Road,1090,2,1,44,5000,5450000
Bypass Road,2757,3,2,43,3500,9649500
Pasumalai,2427,1,1,47,5000,12135000
North Veli Street,1921,2,1,47,3500,6723500
Thiruppalai,2635,2,1,48,2500,6587500
Pasumalai,1711,3,1,42,5000,8555000
Simmakkal,2221,2,1,12,5000,11105000
Pasumalai,1655,1,1,13,2000,3310000
Pasumalai,2918,3,1,4,5000,14590000
Andalpuram,1417,3,2,39,3500,4959500
Villapuram,3370,1,2,2,2000,6740000
Pasumalai,2458,3,2,26,5000,12290000
Andalpuram,3292,2,1,27,5000,16460000
Periyar,3070,2,1,27,2500,7675000
Avaniyapuram,1845,1,2,15,5000,9225000
Anna Nagar,2094,2,1,8,3000,6282000
Simmakkal,3400,1,2,7,2000,6800000
Kochadai,950,1,1,47,3000,2850000
Anna Nagar,1422,2,1,46,2000,2844000
Periyar,3195,1,2,40,2500,7987500
Palanganatham,2959,2,2,12,5000,14795000
Thirunagar,651,3,2,13,5000,3255000
Viswanathapuram,3199,3,2,43,5000,15995000
KK Nagar,1119,1,2,17,2000,2238000
Alagarkoil Road,1964,2,1,17,5000,9820000
Krishnapuram Colony,2855,2,1,36,3000,8565000
Alagarkoil Road,1128,3,1,21,5000,5640000
Krishnapuram Colony,3258,3,2,8,2500,8145000
Anna Nagar,1548,2,2,5,3000,4644000
Lakshmipuram,1202,1,2,26,5000,6010000
Thiruppalai,2611,3,2,16,5000,13055000
Narayanapuram,2929,1,2,36,3500,10251500
Vilangudi,1771,1,2,28,2000,3542000
Vilangudi,1877,3,1,29,3000,5631000
Nethaji Road,3245,1,1,47,3500,11357500
Bypass Road,1111,1,1,12,2500,2777500
Melur Road,3077,2,1,37,2000,6154000
Viswanathapuram,3466,1,1,30,3000,10398000
Bypass Road,1491,2,2,23,5000,7455000
Anaiyur,3078,3,2,16,3000,9234000
Vandiyur,902,3,2,14,5000,4510000
Alagarkoil Road,926,2,2,10,2000,1852000
Avaniyapuram,2293,3,2,7,5000,11465000
Periyar,2542,1,2,45,2500,6355000
KK Nagar,683,1,1,37,5000,3415000
Koodal Nagar,3177,1,2,29,2500,7942500
Viswanathapuram,2911,3,2,3,2000,5822000
Othakadai,1658,1,2,15,2000,3316000
Narayanapuram,1256,3,2,36,3000,3768000
Uthangudi,2559,1,1,47,2500,6397500
Narayanapuram,1331,2,1,46,2500,3327500
Andalpuram,1256,3,2,19,3500,4396000
Tallakulam,2951,3,1,13,3500,10328500
Mattuthavani,3057,1,1,42,3500,10699500
Chokkikulam,2425,3,2,21,5000,12125000
Vilangudi,2454,3,2,37,3500,8589000
Melakkal Road,3235,2,2,27,2500,8087500
Thiruppalai,3340,2,2,29,5000,16700000
Othakadai,2191,1,2,20,2000,4382000
Alagarkoil Road,2574,2,1,25,3000,7722000
Othakadai,1796,1,2,6,3500,6286000
Mattuthavani,1218,1,2,36,2000,2436000
Avaniyapuram,2554,1,2,2,2500,6385000
Madakulam,1656,3,1,22,3000,4968000
Thiruppalai,1313,2,2,32,2000,2626000
KK Nagar,912,1,2,16,3000,2736000
Nethaji Road,1927,2,2,18,3500,6744500
North Veli Street,1567,1,1,5,2500,3917500
Ponmeni,1769,2,2,36,3000,5307000
Melakkal Road,2173,2,2,30,2000,4346000
Palanganatham,2402,1,2,45,3500,8407000
Pasumalai,2238,3,1,19,3500,7833000
Melur Road,890,2,2,23,2000,1780000
Narayanapuram,2204,3,2,34,2000,4408000
Villapuram,2822,3,2,13,3000,8466000
Kodikulam,3044,1,1,43,5000,15220000
Lakshmipuram,2887,1,2,29,3500,10104500
Narimedu,2583,1,2,36,3000,7749000
Bypass Road,1573,2,2,22,2000,3146000
Madakulam,3336,1,1,47,3000,10008000
Vandiyur,870,1,1,36,2000,1740000
Nethaji Road,3392,2,2,9,2500,8480000
Bypass Road,908,2,1,39,2000,1816000
Narimedu,2039,1,1,19,2000,4078000
Thiruppalai,2101,1,1,38,2000,4202000
Chokkikulam,1289,1,2,6,5000,6445000
Thirunagar,2902,1,2,47,2000,5804000
Chokkikulam,2062,3,1,15,3500,7217000
Simmakkal,2117,3,1,20,3500,7409500
Palanganatham,2031,1,1,9,3000,6093000
Thirunagar,2543,3,2,32,5000,12715000
Chokkikulam,3148,2,2,4,3000,9444000
Alagarkoil Road,3416,3,1,18,3500,11956000
Anna Nagar,1893,3,1,5,3500,6625500
Narayanapuram,1625,1,1,20,2500,4062500
KK Nagar,1798,3,1,23,2000,3596000
Othakadai,1231,3,2,11,3500,4308500
Kodikulam,1119,3,1,37,3000,3357000
Palanganatham,2465,3,2,22,3000,7395000
Pasumalai,1629,2,1,4,2000,3258000
Ponmeni,2847,1,1,29,2000,5694000
Periyar,1885,1,1,44,2500,4712500
Vilangudi,833,2,1,34,5000,4165000
Chokkikulam,2084,3,1,13,3000,6252000
Villapuram,1624,2,2,42,2000,3248000
Uthangudi,2342,3,1,9,3000,7026000
Koodal Nagar,2359,2,1,42,2000,4718000
Koodal Nagar,3237,1,1,31,3500,11329500
Simmakkal,684,1,2,7,3000,2052000
Madakulam,2998,1,2,4,3500,10493000
Iyer Bungalow,1586,3,2,19,3000,4758000
Kochadai,981,3,2,42,5000,4905000
Koodal Nagar,1981,2,1,30,2500,4952500
Anna Nagar,1742,2,1,31,3500,6097000
Tallakulam,2970,1,1,35,2000,5940000
Bypass Road,1539,3,2,21,5000,7695000
Simmakkal,2964,2,1,31,3000,8892000
Anna Nagar,3311,3,1,19,3500,11588500
Alagarkoil Road,2318,3,2,31,3000,6954000
SS Colony,1574,1,2,32,3000,4722000
Tallakulam,932,1,2,2,3000,2796000
Nethaji Road,1367,3,1,10,2500,3417500
Simmakkal,2963,3,1,2,2500,7407500
Ponmeni,2597,3,2,2,2000,5194000
Madakulam,1733,3,1,24,3500,6065500
Iyer Bungalow,1126,1,2,17,5000,5630000
Sellur,1579,2,2,32,5000,7895000
Narayanapuram,2939,1,1,16,5000,14695000
Chokkikulam,799,2,2,16,3000,2397000
Uthangudi,1714,3,2,46,2500,4285000
Lakshmipuram,2602,2,2,39,3500,9107000
Viswanathapuram,3145,1,1,31,3000,9435000
North Veli Street,2892,1,2,43,2500,7230000
KK Nagar,2327,3,2,24,2500,5817500
Koodal Nagar,767,1,2,1,3500,2684500
Anaiyur,2692,3,2,11,3500,9422000
North Veli Street,1611,1,2,21,3500,5638500
Melakkal Road,1498,1,2,4,3000,4494000
North Veli Street,1283,3,2,7,2000,2566000
Narayanapuram,2882,2,1,26,3500,10087000
Villapuram,2246,1,1,47,2000,4492000
Sellur,3207,2,2,12,3000,9621000
Iyer Bungalow,1085,1,1,31,2000,2170000
Bypass Road,2588,1,1,17,5000,12940000
Vilangudi,2482,1,2,33,2000,4964000
Narayanapuram,2473,1,1,11,3500,8655500
Sellur,2834,2,2,28,3000,8502000
Bypass Road,1176,2,2,32,3500,4116000
Nethaji Road,2918,1,2,1,5000,14590000
Madakulam,1980,1,2,47,3500,6930000
Madakulam,1592,2,2,28,3500,5572000
Narayanapuram,2663,3,1,42,3500,9320500
Madakulam,1103,3,2,7,2500,2757500
Nethaji Road,1194,2,1,2,5000,5970000
Palanganatham,1036,1,2,42,3500,3626000
Alagarkoil Road,2431,1,2,24,3500,8508500
Bypass Road,1488,3,2,4,3500,5208000
Koodal Nagar,2901,3,1,44,3000,8703000
Simmakkal,1782,2,2,19,2500,4455000
Krishnapuram Colony,1289,3,2,26,3000,3867000
Madakulam,2910,2,2,11,2500,7275000
Bypass Road,3098,3,2,40,3500,10843000
Periyar,2110,3,1,43,5000,10550000
Melakkal Road,2021,3,2,11,2000,4042000
Sellur,3249,1,1,45,2000,6498000
Ponmeni,3241,1,2,3,3500,11343500
Alagarkoil Road,785,1,1,12,3000,2355000
Madakulam,3303,3,1,3,5000,16515000
Iyer Bungalow,1144,2,2,42,2500,2860000
Pasumalai,1483,2,2,27,3500,5190500
Koodal Nagar,3393,2,1,2,5000,16965000
Narayanapuram,2326,2,2,16,5000,11630000
Bypass Road,2209,1,2,2,2500,5522500
Narimedu,2690,1,2,30,5000,13450000
Thirunagar,2174,3,1,20,3000,6522000
Tallakulam,1239,3,2,38,3000,3717000
Melakkal Road,2548,2,2,28,3000,7644000
Anna Nagar,924,1,2,25,5000,4620000
Lakshmipuram,1067,2,1,32,3000,3201000
Uthangudi,913,3,2,10,2500,2282500
Kochadai,797,3,1,42,5000,3985000
Bypass Road,3305,2,2,40,2000,6610000
Uthangudi,2394,3,1,33,5000,11970000
Anaiyur,1305,2,2,13,2500,3262500
Vilangudi,2611,1,2,41,2000,5222000
Kodikulam,726,2,1,42,5000,3630000
Sellur,2093,1,1,47,3000,6279000
Vilangudi,1942,1,1,37,3500,6797000
Melakkal Road,2975,3,2,16,3500,10412500
Thiruppalai,1623,3,2,45,3000,4869000
Kochadai,2864,3,2,22,3500,10024000
Iyer Bungalow,3454,2,2,20,3500,12089000
Avaniyapuram,2303,2,1,43,3000,6909000
Thirunagar,2042,3,2,27,3000,6126000
Sellur,1276,2,2,41,5000,6380000
Periyar,2175,3,2,16,5000,10875000
North Veli Street,1430,2,2,34,3000,4290000
Villapuram,1041,1,2,32,2500,2602500
Othakadai,1787,1,2,26,3500,6254500
SS Colony,1577,3,2,25,5000,7885000
Periyar,2104,2,1,2,3500,7364000
Vilangudi,2496,2,2,12,2000,4992000
Narayanapuram,3367,1,2,40,3000,10101000
Tiruparankundram,3156,1,2,9,2500,7890000
Vilangudi,929,3,2,12,2000,1858000
Tallakulam,908,1,1,26,2000,1816000
Vandiyur,3011,3,1,9,2000,6022000
Pasumalai,3364,1,1,10,3000,10092000
Sellur,2780,1,1,32,5000,13900000
Mattuthavani,2321,2,1,34,3000,6963000
Lakshmipuram,1870,1,1,48,5000,9350000
Anaiyur,1464,1,2,20,2000,2928000
Koodal Nagar,2406,3,1,39,2000,4812000
Iyer Bungalow,3025,1,1,2,2500,7562500
Periyar,2913,3,2,1,5000,14565000
Nethaji Road,684,1,1,36,2000,1368000
Simmakkal,2375,1,2,24,3500,8312500
Alagarkoil Road,711,3,2,27,2500,1777500
Krishnapuram Colony,1631,2,1,2,3000,4893000
Pasumalai,2443,3,2,31,2500,6107500
Tallakulam,3205,3,1,14,3500,11217500
Andalpuram,2265,3,1,2,5000,11325000
Krishnapuram Colony,2299,2,2,29,3000,6897000
Andalpuram,1922,1,2,15,3000,5766000
Lakshmipuram,1338,3,1,12,5000,6690000
Viswanathapuram,3168,3,2,37,2500,7920000
Vandiyur,1729,2,2,28,2000,3458000
Thirunagar,3123,3,1,20,2500,7807500
Kochadai,2337,1,1,39,3500,8179500
Vandiyur,2959,2,2,24,2000,5918000
Kochadai,1702,1,1,21,2500,4255000
Mattuthavani,1422,1,1,10,5000,7110000
Alagarkoil Road,1137,2,1,46,3500,3979500
Thirunagar,2229,3,1,14,3500,7801500
Othakadai,2136,1,1,37,3500,7476000
Andalpuram,2434,1,1,18,2000,4868000
Uthangudi,1304,1,1,24,3000,3912000
Mattuthavani,1992,1,2,14,2000,3984000
Viswanathapuram,1971,2,1,34,2500,4927500
Sellur,1943,2,2,12,3000,5829000
Narimedu,2630,1,2,22,2500,6575000
Melur Road,2688,3,2,6,3000,8064000
Tallakulam,2572,1,1,36,2000,5144000
Kodikulam,1991,3,1,45,3500,6968500
Palanganatham,1702,1,2,36,5000,8510000
Sellur,1620,3,1,22,3500,5670000
Narayanapuram,1125,1,2,14,2000,2250000
Melur Road,1371,3,1,16,3000,4113000
Palanganatham,3171,1,1,36,3500,11098500
Kodikulam,1675,1,2,25,2000,3350000
Mattuthavani,986,3,2,32,2500,2465000
Melakkal Road,2091,2,2,33,5000,10455000
Tallakulam,3023,3,1,45,3500,10580500
Pasumalai,3129,2,2,36,3000,9387000
Thiruppalai,2865,1,1,20,2500,7162500
Ponmeni,3250,3,1,18,2000,6500000
Kochadai,1170,3,1,38,5000,5850000
Periyar,2540,3,2,3,3000,7620000
Viswanathapuram,1302,2,2,23,2000,2604000
Ponmeni,2717,2,2,32,2000,5434000
Vilangudi,1463,1,1,45,3500,5120500
Koodal Nagar,3296,2,1,16,3500,11536000
North Veli Street,1049,2,2,5,3000,3147000
Simmakkal,2923,1,1,4,2000,5846000
Krishnapuram Colony,3224,3,1,21,3500,11284000
KK Nagar,2217,3,2,40,5000,11085000
Kodikulam,2455,1,2,14,5000,12275000
Periyar,1148,3,2,39,2000,2296000
Vilangudi,822,2,1,31,3500,2877000
Simmakkal,775,1,1,14,3000,2325000
Alagarkoil Road,2490,1,1,6,3000,7470000
Nethaji Road,2122,1,1,12,3000,6366000
Melakkal Road,3039,3,1,16,5000,15195000
Periyar,3231,1,2,17,3500,11308500
Tallakulam,1415,1,1,45,3500,4952500
Narayanapuram,2073,1,1,23,5000,10365000
Iyer Bungalow,2767,3,1,14,3000,8301000
Thirunagar,1222,2,2,7,3000,3666000
Madakulam,2159,1,2,46,2000,4318000
Palanganatham,837,2,2,32,2500,2092500
Chokkikulam,2651,3,1,15,3500,9278500
Palanganatham,1829,3,2,44,3500,6401500
Uthangudi,3038,3,2,17,3500,10633000
Alagarkoil Road,2028,3,2,41,2500,5070000
Kodikulam,2436,2,1,47,2000,4872000
Uthangudi,1754,1,2,44,2500,4385000
Anaiyur,2905,3,1,34,3000,8715000
Palanganatham,2580,3,1,5,3000,7740000
Tallakulam,3264,2,2,45,3500,11424000
Chokkikulam,1423,2,1,27,5000,7115000
Viswanathapuram,905,3,2,23,3500,3167500
Palanganatham,1373,1,1,40,5000,6865000
Vandiyur,926,1,2,14,2500,2315000
Kodikulam,2134,3,2,15,3000,6402000
Andalpuram,1005,2,2,43,5000,5025000
Avaniyapuram,1084,3,1,33,2500,2710000
Mattuthavani,2784,3,2,31,3000,8352000
Thirunagar,2288,2,1,35,5000,11440000
Koodal Nagar,3444,3,2,17,3500,12054000
Vandiyur,1510,3,1,28,3500,5285000
Tiruparankundram,2091,3,1,19,3500,7318500
Melakkal Road,785,2,2,46,2500,1962500
Nethaji Road,1958,1,2,23,3500,6853000
Ponmeni,2099,1,2,32,2000,4198000
Vilangudi,3440,2,2,40,3000,10320000
Anaiyur,2519,1,2,13,2500,6297500
Chokkikulam,2491,3,1,20,3500,8718500
Villapuram,2356,1,2,35,3000,7068000
Othakadai,3344,3,2,5,5000,16720000
Simmakkal,1344,1,1,9,3500,4704000
Andalpuram,1641,2,2,29,3000,4923000
Vandiyur,2740,1,2,6,2000,5480000
Periyar,1969,1,1,25,5000,9845000
Tallakulam,1524,1,2,31,2000,3048000
Villapuram,1857,2,2,22,3000,5571000
Viswanathapuram,1803,1,2,2,2000,3606000
Melur Road,1198,2,1,45,3000,3594000
Lakshmipuram,1047,3,2,5,3000,3141000
North Veli Street,1535,1,1,27,2000,3070000
Anna Nagar,1245,2,2,25,3000,3735000
Andalpuram,2474,2,1,8,3500,8659000
Lakshmipuram,984,1,2,1,3000,2952000
Melur Road,2612,3,1,20,2500,6530000
Chokkikulam,1347,2,1,44,3000,4041000
Bypass Road,961,1,1,23,2500,2402500
Vandiyur,3309,3,1,32,3000,9927000
Melur Road,2030,2,1,11,3000,6090000
Sellur,3073,2,1,39,2000,6146000
Andalpuram,2924,3,2,47,3500,10234000
Avaniyapuram,2444,3,2,24,3500,8554000
Kodikulam,2011,1,1,11,5000,10055000
Avaniyapuram,2216,1,1,29,2000,4432000
Nethaji Road,1460,2,1,26,2000,2920000
Krishnapuram Colony,1196,3,1,16,3500,4186000
Periyar,1499,3,2,35,2000,2998000
Krishnapuram Colony,2456,3,1,20,3500,8596000
Palanganatham,826,2,2,46,2000,1652000
North Veli Street,2218,3,2,3,3000,6654000
Narimedu,1040,3,1,1,3500,3640000
Vilangudi,2371,2,1,47,3500,8298500
Narimedu,3470,1,2,1,2500,8675000
Anaiyur,2161,1,2,17,2000,4322000
Periyar,1550,2,1,2,2000,3100000
Tiruparankundram,2000,3,1,29,3500,7000000
Madakulam,2818,2,1,20,3000,8454000
Vandiyur,644,1,2,6,3000,1932000
Narimedu,662,1,2,8,3000,1986000
Mattuthavani,1227,2,1,29,2000,2454000
Chokkikulam,1099,2,2,48,2500,2747500
Anna Nagar,2680,1,2,33,3500,9380000
North Veli Street,1776,2,1,3,5000,8880000
Tallakulam,3136,1,1,35,2500,7840000
Othakadai,2596,2,2,5,5000,12980000
Mattuthavani,3293,2,2,27,2500,8232500
Chokkikulam,2794,2,1,44,3000,8382000
North Veli Street,1631,1,1,12,2000,3262000
Pasumalai,1163,2,1,20,5000,5815000
Iyer Bungalow,1502,1,1,45,2500,3755000
Ponmeni,817,1,1,20,2000,1634000
Thirunagar,2010,2,2,9,5000,10050000
Pasumalai,3122,2,2,39,3500,10927000
Kodikulam,1370,1,2,4,2500,3425000
SS Colony,2354,1,2,19,3500,8239000
Avaniyapuram,2519,3,1,38,3000,7557000
Madakulam,2325,1,1,27,3500,8137500
Palanganatham,1991,3,1,45,3500,6968500
Ponmeni,1633,3,2,43,2500,4082500
Nethaji Road,3330,3,2,13,3000,9990000
Melur Road,1063,2,2,13,3500,3720500
Thiruppalai,1237,2,1,22,2000,2474000
Viswanathapuram,3176,1,2,28,5000,15880000
North Veli Street,2418,3,1,47,3500,8463000
Krishnapuram Colony,3103,2,1,45,3000,9309000
Koodal Nagar,1579,2,1,22,3500,5526500
Andalpuram,1751,2,1,43,5000,8755000
Tallakulam,1780,2,1,19,3000,5340000
Simmakkal,975,2,1,8,2500,2437500
Ponmeni,3346,3,2,8,3000,10038000
Melur Road,2732,3,1,42,2500,6830000
Kodikulam,2437,3,1,26,3000,7311000
Othakadai,1602,3,2,48,5000,8010000
KK Nagar,748,1,1,26,5000,3740000
Anna Nagar,845,3,2,23,3000,2535000
Viswanathapuram,3141,2,2,43,3500,10993500
Anna Nagar,2486,3,2,13,5000,12430000
Narimedu,2510,1,1,28,2500,6275000
Mattuthavani,2640,2,1,9,2500,6600000
Vandiyur,1933,3,2,20,2000,3866000
Periyar,1553,3,1,19,2500,3882500
Kochadai,853,3,1,48,2000,1706000
Thiruppalai,1206,2,2,39,3000,3618000
Anna Nagar,3404,2,2,12,3000,10212000
Chokkikulam,2207,1,1,15,3000,6621000
Madakulam,1414,2,2,31,3500,4949000
Pasumalai,3145,2,2,14,3500,11007500
Chokkikulam,3358,3,2,11,2000,6716000
KK Nagar,1272,2,1,26,2500,3180000
Krishnapuram Colony,2272,3,1,42,2500,5680000
Vilangudi,2345,3,1,27,3000,7035000
Pasumalai,1030,2,2,11,5000,5150000
Alagarkoil Road,2579,1,1,38,3500,9026500
Anna Nagar,2987,1,2,34,3500,10454500
Vandiyur,2949,2,1,43,3000,8847000
Andalpuram,1748,1,1,19,3500,6118000
Simmakkal,911,3,2,6,3000,2733000
Iyer Bungalow,3110,3,1,46,2000,6220000
Tiruparankundram,2926,2,2,38,2500,7315000
Thiruppalai,2500,1,1,42,5000,12500000
Kodikulam,2642,1,1,28,2500,6605000
Vilangudi,2024,3,2,1,2500,5060000
Kochadai,1880,2,2,35,2000,3760000
Vilangudi,1217,1,2,40,3500,4259500
KK Nagar,692,2,1,8,5000,3460000
KK Nagar,1794,1,1,47,3500,6279000
Avaniyapuram,866,3,1,7,2500,2165000
Alagarkoil Road,2075,3,2,11,3000,6225000
Simmakkal,2172,2,2,39,2500,5430000
Uthangudi,2463,3,2,4,3500,8620500
Simmakkal,2968,1,1,25,2500,7420000
Kochadai,2105,3,1,12,3000,6315000
SS Colony,1774,2,2,26,2000,3548000
Ponmeni,2325,2,1,38,3500,8137500
Thirunagar,3111,2,2,46,2500,7777500
Uthangudi,3302,1,1,12,3500,11557000
Villapuram,1018,1,1,43,2000,2036000
Vilangudi,2764,1,2,37,2500,6910000
Avaniyapuram,2665,1,1,46,2500,6662500
Chokkikulam,1697,1,1,24,3500,5939500
Iyer Bungalow,2533,3,2,16,3500,8865500
Andalpuram,2467,1,2,13,3000,7401000
Melakkal Road,2118,1,1,25,2000,4236000
Lakshmipuram,2886,3,2,4,3000,8658000
Anaiyur,1823,1,1,11,2500,4557500
Villapuram,1708,2,2,32,3500,5978000
Anaiyur,2714,1,1,7,2500,6785000
Narayanapuram,1003,1,1,46,2500,2507500
SS Colony,3251,2,2,11,5000,16255000
Anaiyur,3363,2,1,28,5000,16815000
Narayanapuram,2685,2,1,41,2500,6712500
Vilangudi,1785,2,2,23,3500,6247500
Bypass Road,2279,1,2,45,2500,5697500
KK Nagar,2047,2,1,23,5000,10235000
Anaiyur,2587,2,2,28,3500,9054500
Villapuram,1322,3,2,43,2500,3305000
Uthangudi,3131,2,1,47,2000,6262000
Nethaji Road,650,2,1,26,2000,1300000
Iyer Bungalow,3112,3,2,25,2500,7780000
Bypass Road,2235,3,2,29,3500,7822500
Sellur,1476,1,2,19,2500,3690000
Villapuram,3250,3,1,33,2500,8125000
Kodikulam,2454,1,1,36,5000,12270000
Bypass Road,1557,3,1,14,2000,3114000
Alagarkoil Road,2655,3,1,14,5000,13275000
Avaniyapuram,2086,1,1,35,5000,10430000
Othakadai,2094,3,1,30,2500,5235000
Vilangudi,2146,1,1,28,5000,10730000
Anna Nagar,769,3,2,17,2000,1538000
Thiruppalai,3086,2,2,3,5000,15430000
Pasumalai,1460,3,1,16,2000,2920000
Anaiyur,2473,1,1,46,5000,12365000
Narayanapuram,1219,3,1,30,2000,2438000
Kochadai,3016,1,2,29,5000,15080000
Thirunagar,2059,1,1,45,5000,10295000
Koodal Nagar,1573,2,2,15,3500,5505500
Chokkikulam,2107,2,2,46,2000,4214000
Pasumalai,1476,1,2,25,2000,2952000
Uthangudi,1698,3,2,38,2000,3396000
Simmakkal,2292,1,2,42,3000,6876000
Kodikulam,2544,1,1,47,5000,12720000
Simmakkal,2101,3,1,38,2000,4202000
Tiruparankundram,2043,3,2,23,3000,6129000
Krishnapuram Colony,1086,3,1,25,3500,3801000
Sellur,2766,3,2,42,2000,5532000
Viswanathapuram,1200,1,2,7,2000,2400000
KK Nagar,1822,1,1,22,3000,5466000
Uthangudi,2681,2,1,17,5000,13405000
Periyar,1006,1,1,18,3500,3521000
Vandiyur,3139,3,1,41,2000,6278000
Othakadai,1901,2,1,10,5000,9505000
Alagarkoil Road,2485,3,2,10,3500,8697500
Ponmeni,2953,1,1,7,2500,7382500
Avaniyapuram,2494,2,1,48,2500,6235000
Palanganatham,2816,3,1,38,3500,9856000
Avaniyapuram,1554,2,2,27,3000,4662000
Madakulam,888,2,1,33,3500,3108000
Narayanapuram,1185,1,2,1,3500,4147500
Kochadai,3176,3,1,44,3000,9528000
Othakadai,2813,2,1,34,3000,8439000
Ponmeni,2816,2,2,4,5000,14080000
Villapuram,2216,3,1,17,5000,11080000
Narimedu,2861,2,1,4,3000,8583000
Villapuram,767,2,2,43,2500,1917500
Koodal Nagar,3337,2,1,26,2500,8342500
Alagarkoil Road,2375,3,2,4,3500,8312500
KK Nagar,1429,3,2,1,2000,2858000
Anaiyur,2687,3,2,7,3500,9404500
Melur Road,2892,3,2,30,3500,10122000
Koodal Nagar,3060,1,2,9,2000,6120000
Krishnapuram Colony,1440,2,1,35,3000,4320000
Palanganatham,720,3,1,8,2500,1800000
Kodikulam,702,2,1,24,3500,2457000
Ponmeni,3122,2,2,19,2000,6244000
Simmakkal,3329,1,2,36,5000,16645000
Tiruparankundram,2167,3,2,43,3500,7584500
Simmakkal,2580,3,2,27,2500,6450000
Ponmeni,2800,2,1,32,3000,8400000
Othakadai,1945,3,1,14,3500,6807500
Koodal Nagar,711,2,2,18,3500,2488500
Bypass Road,2996,2,2,28,2000,5992000
Othakadai,2576,1,1,29,5000,12880000
North Veli Street,3365,1,2,16,5000,16825000
Tallakulam,1008,1,2,35,3000,3024000
Simmakkal,1464,2,2,47,2500,3660000
Tallakulam,2046,3,1,31,3000,6138000
Pasumalai,3034,1,1,4,3500,10619000
Chokkikulam,1590,3,2,37,3500,5565000
Lakshmipuram,2221,1,1,17,5000,11105000
Koodal Nagar,2021,1,2,39,2500,5052500
Sellur,2083,2,2,48,2000,4166000
Anaiyur,1405,1,1,46,2500,3512500
KK Nagar,984,1,2,26,3500,3444000
Ponmeni,1026,2,2,48,2000,2052000
Alagarkoil Road,1647,3,1,39,2500,4117500
Tallakulam,2200,1,2,41,2500,5500000
Andalpuram,943,2,2,4,2000,1886000
Thirunagar,782,1,2,30,3500,2737000
Vilangudi,1002,2,1,30,2500,2505000
Kodikulam,1479,3,2,22,2000,2958000
Thirunagar,2166,3,1,11,3500,7581000
Vandiyur,2271,2,2,2,2000,4542000
Tallakulam,2626,2,2,44,2000,5252000
Palanganatham,1947,2,2,12,2500,4867500
Vandiyur,3174,3,2,30,3500,11109000
Narayanapuram,1552,1,1,36,2500,3880000
Thiruppalai,1778,3,1,18,3000,5334000
Thiruppalai,2830,2,2,26,3000,8490000
Nethaji Road,1639,2,2,7,3500,5736500
Andalpuram,3126,3,2,1,2000,6252000
Lakshmipuram,3200,2,2,26,2500,8000000
Koodal Nagar,2964,3,2,23,2500,7410000
Bypass Road,2795,2,2,26,3500,9782500
Othakadai,1881,1,2,45,3500,6583500
Melakkal Road,2428,1,2,6,3000,7284000
Alagarkoil Road,3453,2,1,6,5000,17265000
Thiruppalai,3478,3,1,44,3500,12173000
Melakkal Road,808,1,1,8,5000,4040000
Simmakkal,1642,3,2,24,3500,5747000
Uthangudi,3211,2,2,22,2000,6422000
Mattuthavani,1951,3,2,19,2000,3902000
Lakshmipuram,3208,1,1,37,3000,9624000
Iyer Bungalow,1300,3,2,18,3000,3900000
Mattuthavani,3304,3,1,31,5000,16520000
Thirunagar,2855,2,2,37,3500,9992500
North Veli Street,2553,2,1,30,2500,6382500
Tallakulam,2690,2,1,42,3000,8070000
Simmakkal,2755,1,1,33,2500,6887500
Viswanathapuram,1784,1,2,10,2500,4460000
Lakshmipuram,2533,2,1,37,3500,8865500
Palanganatham,910,2,2,12,5000,4550000
Krishnapuram Colony,2489,1,2,30,3500,8711500
Uthangudi,2352,1,2,27,3000,7056000
Mattuthavani,2937,1,2,39,2500,7342500
Krishnapuram Colony,3086,1,2,9,3500,10801000
Ponmeni,2154,2,1,21,3500,7539000
Kodikulam,1119,1,2,12,3500,3916500
Krishnapuram Colony,1620,2,2,29,3000,4860000
Nethaji Road,1851,3,2,33,5000,9255000
Melur Road,1687,3,2,43,3500,5904500
Anaiyur,2604,1,2,15,3000,7812000
Anaiyur,1201,3,1,2,2500,3002500
Pasumalai,1661,3,1,39,2000,3322000
Vandiyur,2249,3,2,44,3000,6747000
Vandiyur,1526,1,1,18,2000,3052000
Anna Nagar,2838,1,1,3,3500,9933000
SS Colony,1309,3,2,7,3500,4581500
Madakulam,3311,2,1,43,3000,9933000
Anna Nagar,2415,3,2,18,2000,4830000
Melakkal Road,1507,1,1,44,3500,5274500
Chokkikulam,1225,1,1,38,2500,3062500
Kochadai,1338,1,1,37,5000,6690000
Anna Nagar,1895,3,2,33,5000,9475000
Madakulam,2254,2,1,44,3500,7889000
Ponmeni,1883,1,1,31,2000,3766000
Melur Road,3098,1,2,11,3500,10843000
Tiruparankundram,1042,3,2,4,2000,2084000
Nethaji Road,2590,2,1,18,2500,6475000
Avaniyapuram,1358,3,2,4,2000,2716000
Koodal Nagar,1347,1,1,34,3500,4714500
Melur Road,3452,2,1,29,2500,8630000
Madakulam,3190,2,2,24,3000,9570000
Avaniyapuram,2358,1,2,22,5000,11790000
Iyer Bungalow,2616,2,2,2,3500,9156000
Simmakkal,725,2,1,44,3500,2537500
Tiruparankundram,1247,3,2,6,3500,4364500
Kodikulam,2614,1,1,42,2500,6535000
Kochadai,2354,1,2,25,3000,7062000
Palanganatham,2690,1,1,21,2000,5380000
Kodikulam,3463,1,2,16,3000,10389000
North Veli Street,1546,1,1,31,2500,3865000
Uthangudi,1008,2,2,14,3500,3528000
Anna Nagar,806,3,1,39,5000,4030000
Iyer Bungalow,3202,1,2,28,3500,11207000
Sellur,2507,3,2,32,2000,5014000
Andalpuram,759,3,1,28,5000,3795000
Kodikulam,3028,2,2,9,3500,10598000
Periyar,1524,1,1,45,5000,7620000
Kodikulam,3428,2,1,22,3000,10284000
Othakadai,1483,1,2,32,2500,3707500
Madakulam,2838,2,1,5,3500,9933000
Thiruppalai,1990,3,2,23,2000,3980000
Chokkikulam,3134,1,2,5,3000,9402000
SS Colony,1680,3,1,42,3500,5880000
Ponmeni,1586,3,2,32,3000,4758000
Viswanathapuram,2368,2,1,10,2000,4736000
Kodikulam,2978,1,1,39,3500,10423000
Periyar,3411,3,2,15,2000,6822000
Vandiyur,1781,2,2,7,5000,8905000
Thirunagar,3171,1,1,29,2000,6342000
Othakadai,665,1,1,47,5000,3325000
Ponmeni,2393,3,2,3,3500,8375500
Melakkal Road,1326,1,2,19,5000,6630000
Melakkal Road,2477,3,2,10,3500,8669500
Kochadai,3011,1,2,28,3500,10538500
Kodikulam,769,2,1,29,2500,1922500
Andalpuram,920,3,2,15,3500,3220000
SS Colony,2643,3,1,35,5000,13215000
Krishnapuram Colony,1871,1,1,6,2500,4677500
Sellur,2885,1,2,12,2500,7212500
Simmakkal,1339,3,1,47,3500,4686500
Melakkal Road,1953,1,2,38,2000,3906000
Pasumalai,700,2,1,13,2000,1400000
North Veli Street,662,1,2,29,2500,1655000
Kodikulam,2955,2,1,19,3500,10342500
Nethaji Road,756,2,1,3,2000,1512000
Viswanathapuram,1185,2,2,8,3500,4147500
Thirunagar,3338,2,2,8,3500,11683000
Vilangudi,1222,2,1,20,2500,3055000
Avaniyapuram,1732,1,1,47,2500,4330000
Vilangudi,668,2,2,4,3000,2004000
Palanganatham,2216,1,1,21,2000,4432000
SS Colony,2692,2,2,3,2000,5384000
Uthangudi,2216,3,1,45,2000,4432000
Narimedu,784,2,2,8,5000,3920000
Mattuthavani,2411,3,1,23,3500,8438500
Iyer Bungalow,1291,2,2,16,2500,3227500
Thiruppalai,2879,2,2,13,2000,5758000
Sellur,844,2,1,3,3000,2532000
Uthangudi,900,3,2,48,2000,1800000
Madakulam,1190,3,1,9,3500,4165000
Vilangudi,2885,2,2,14,3500,10097500
Andalpuram,3394,1,2,13,2500,8485000
Vilangudi,1445,2,2,7,5000,7225000
Uthangudi,1585,3,1,15,2500,3962500
Sellur,1057,2,2,7,2000,2114000
Narimedu,2658,3,1,38,3000,7974000
Ponmeni,2025,3,2,34,2500,5062500
Narimedu,1742,3,1,41,5000,8710000
SS Colony,1553,2,1,22,2500,3882500
Iyer Bungalow,831,3,1,24,3500,2908500
Bypass Road,2659,3,2,37,2000,5318000
Kodikulam,1957,2,1,44,2000,3914000
Lakshmipuram,2736,3,2,1,2000,5472000
Chokkikulam,2774,2,1,10,2000,5548000
Viswanathapuram,1790,3,1,43,2000,3580000
Palanganatham,1001,1,1,16,2000,2002000
Mattuthavani,2195,1,1,46,3000,6585000
Melur Road,1733,3,2,8,5000,8665000
Nethaji Road,2324,1,1,25,2000,4648000
Iyer Bungalow,3066,2,1,12,5000,15330000
Iyer Bungalow,805,1,2,25,2000,1610000
Villapuram,3013,3,1,17,2500,7532500
Thiruppalai,1093,3,1,26,2000,2186000
Vilangudi,2141,2,1,46,3500,7493500
North Veli Street,1680,3,1,48,3000,5040000
Kochadai,2875,2,2,14,2500,7187500
Thiruppalai,2802,1,2,41,2500,7005000
Nethaji Road,2594,1,1,36,3500,9079000
SS Colony,3199,2,2,23,2000,6398000
Lakshmipuram,1957,2,2,43,3000,5871000
Vilangudi,2986,3,1,6,2500,7465000
Tallakulam,1882,1,2,47,3000,5646000
Krishnapuram Colony,1617,2,1,5,2500,4042500
Simmakkal,1275,1,2,43,2000,2550000
Palanganatham,2234,2,2,25,2500,5585000
KK Nagar,1694,1,2,18,2500,4235000
Chokkikulam,3424,3,1,13,5000,17120000
Vandiyur,2232,1,2,43,2000,4464000
Koodal Nagar,3012,1,1,14,3500,10542000
Tallakulam,2337,1,1,28,3500,8179500
North Veli Street,1080,1,2,18,2000,2160000
Kodikulam,3472,1,1,28,3500,12152000
Chokkikulam,2200,3,2,27,2000,4400000
Narayanapuram,1720,2,1,32,3500,6020000
Tiruparankundram,1948,1,1,47,5000,9740000
Simmakkal,3417,3,2,9,3500,11959500
Andalpuram,2722,1,2,40,2500,6805000
Thiruppalai,3028,1,2,32,2000,6056000
Lakshmipuram,826,2,2,20,3000,2478000
Anaiyur,3235,1,1,28,3000,9705000
Thiruppalai,2113,3,1,33,2000,4226000
Thiruppalai,2123,3,1,4,5000,10615000
Thirunagar,2233,2,2,46,3500,7815500
Viswanathapuram,2231,1,1,34,5000,11155000
North Veli Street,1303,3,2,48,3000,3909000
Palanganatham,803,1,1,3,2000,1606000
SS Colony,3103,1,2,26,2000,6206000
Othakadai,1655,1,1,8,5000,8275000
Krishnapuram Colony,696,2,1,6,5000,3480000
Tallakulam,3099,1,2,16,3500,10846500
Koodal Nagar,1689,3,1,24,2500,4222500
Tallakulam,1697,1,2,48,2500,4242500
Avaniyapuram,3394,3,1,39,3500,11879000
Villapuram,2951,1,1,30,2500,7377500
Bypass Road,1872,3,2,45,3000,5616000
Kodikulam,2138,3,2,13,2500,5345000
Thiruppalai,3467,1,1,5,3500,12134500
Kodikulam,2133,1,1,25,2500,5332500
Ponmeni,1679,3,1,20,2000,3358000
Thiruppalai,2594,2,1,18,5000,12970000
Villapuram,1493,1,1,47,3000,4479000
Anna Nagar,997,2,1,18,2000,1994000
Narayanapuram,1742,1,2,2,2000,3484000
Othakadai,2383,1,2,10,3500,8340500
Kodikulam,2108,1,2,45,5000,10540000
Andalpuram,1634,1,1,47,5000,8170000
Kodikulam,1908,2,1,12,3000,5724000
Vilangudi,2528,1,1,47,3500,8848000
Melur Road,2453,3,2,13,3000,7359000
Uthangudi,2985,3,2,47,2500,7462500
Thiruppalai,2900,2,1,11,2000,5800000
Viswanathapuram,1755,1,1,19,3000,5265000
Avaniyapuram,1461,3,2,35,2000,2922000
Avaniyapuram,2443,2,2,39,3500,8550500
Tallakulam,2604,1,2,26,2500,6510000
Avaniyapuram,3081,3,1,46,3500,10783500
Nethaji Road,3016,3,1,14,2500,7540000
Melakkal Road,1532,2,1,45,2500,3830000
Andalpuram,2499,1,2,44,2000,4998000
Othakadai,1824,1,2,24,3500,6384000
Simmakkal,1311,3,1,41,3500,4588500
Melakkal Road,1276,3,1,1,3000,3828000
Kodikulam,3268,3,2,43,3500,11438000
Palanganatham,2286,1,1,22,3000,6858000
Tiruparankundram,780,2,2,23,5000,3900000
Lakshmipuram,2590,2,2,19,5000,12950000
Palanganatham,2341,1,1,18,5000,11705000
Uthangudi,1071,2,2,12,3500,3748500
Narimedu,2119,3,1,28,3500,7416500
Andalpuram,3303,2,2,28,3000,9909000
Avaniyapuram,1462,2,2,33,2500,3655000
Madakulam,2832,2,1,19,3000,8496000
Pasumalai,1750,3,2,28,5000,8750000
KK Nagar,2868,1,1,37,3000,8604000
Mattuthavani,841,3,1,26,2500,2102500
Uthangudi,3315,1,2,35,3500,11602500
Melakkal Road,2639,1,1,34,3000,7917000
Villapuram,3382,1,1,35,5000,16910000
Anna Nagar,3092,2,1,40,5000,15460000
Tallakulam,1114,2,1,16,3500,3899000
Madakulam,2909,1,1,38,3000,8727000
Vilangudi,2592,1,1,13,2500,6480000
Anaiyur,1572,2,2,23,3500,5502000
Vilangudi,2654,3,1,22,3000,7962000
Sellur,3323,1,2,16,2000,6646000
Iyer Bungalow,1549,3,2,28,5000,7745000
KK Nagar,2866,2,1,48,2500,7165000
Sellur,666,1,2,35,2500,1665000
Vandiyur,878,3,2,45,2500,2195000
Ponmeni,1768,3,1,46,5000,8840000
Thiruppalai,1572,3,1,8,3000,4716000
Thirunagar,1166,2,1,44,3500,4081000
Tallakulam,2452,2,2,22,3000,7356000
North Veli Street,1074,3,2,21,3500,3759000
Kodikulam,1436,3,1,26,2500,3590000
Anna Nagar,2273,2,1,40,3000,6819000
Tiruparankundram,2380,3,2,21,2500,5950000
Tiruparankundram,1176,3,2,25,2000,2352000
Simmakkal,2390,2,2,41,2500,5975000
Andalpuram,2319,3,2,1,2500,5797500
Krishnapuram Colony,1960,3,1,6,3500,6860000
Chokkikulam,1556,3,2,23,2000,3112000
Avaniyapuram,1768,2,2,23,2500,4420000
Periyar,2169,3,2,43,2500,5422500
Narayanapuram,1971,2,2,43,2000,3942000
SS Colony,3231,2,1,23,2000,6462000
Koodal Nagar,1667,1,1,32,3000,5001000
Koodal Nagar,2220,1,2,30,3500,7770000
Thirunagar,2022,3,2,13,2000,4044000
Bypass Road,2163,2,1,43,2000,4326000
Viswanathapuram,2325,1,1,18,5000,11625000
Anaiyur,2641,3,2,23,2000,5282000
Lakshmipuram,870,1,2,15,3500,3045000
Alagarkoil Road,1903,1,1,33,2500,4757500
Mattuthavani,1516,2,1,21,2500,3790000
Madakulam,1535,2,1,39,2500,3837500
Vandiyur,2122,1,1,23,2500,5305000
Vandiyur,1680,1,1,27,5000,8400000
Bypass Road,2901,2,1,45,2000,5802000
North Veli Street,3432,3,2,44,2500,8580000
Narimedu,1040,2,1,18,3000,3120000
Ponmeni,1767,1,1,24,2500,4417500
Periyar,2722,3,1,47,2000,5444000
Madakulam,1292,1,1,40,2500,3230000
Kochadai,972,3,2,42,5000,4860000
Kodikulam,2126,1,2,7,3500,7441000
Anna Nagar,1595,3,1,48,3500,5582500
Kodikulam,2649,3,2,20,2000,5298000
North Veli Street,2660,1,2,27,3500,9310000
Kochadai,3312,3,2,6,3500,11592000
Vandiyur,2522,2,2,27,3000,7566000
Bypass Road,1840,1,2,9,2000,3680000
SS Colony,2416,2,2,45,2000,4832000
Melur Road,805,1,1,31,3500,2817500
Vandiyur,2395,3,1,21,3500,8382500
Melakkal Road,1419,3,1,26,3500,4966500
Koodal Nagar,2471,3,1,40,5000,12355000
KK Nagar,2965,1,1,48,2500,7412500
Narimedu,1695,2,2,45,5000,8475000
Madakulam,3017,2,1,13,2000,6034000
Anaiyur,1583,1,1,23,3000,4749000
Vandiyur,1183,1,2,20,2500,2957500
Narimedu,3179,2,2,37,3000,9537000
Thirunagar,1465,2,1,28,2000,2930000
Villapuram,2105,2,2,17,2000,4210000
Othakadai,1732,2,2,28,3000,5196000
Mattuthavani,999,1,2,41,3000,2997000
Lakshmipuram,878,1,2,2,3000,2634000
Mattuthavani,2918,3,1,25,2000,5836000
Mattuthavani,2192,2,2,41,3500,7672000
Avaniyapuram,2740,3,1,6,3000,8220000
Narimedu,761,1,1,11,2500,1902500
Narayanapuram,2745,1,2,38,2000,5490000
Villapuram,2317,3,2,6,5000,11585000
Kochadai,3256,2,2,45,5000,16280000
Lakshmipuram,1711,2,1,11,2500,4277500
Chokkikulam,2744,2,2,14,3500,9604000
Mattuthavani,1201,2,2,2,3000,3603000
Chokkikulam,2459,3,2,40,2000,4918000
Villapuram,2649,3,2,3,3000,7947000
Pasumalai,1041,1,2,35,2000,2082000
Othakadai,1318,2,1,33,5000,6590000
Nethaji Road,1030,2,2,24,3000,3090000
Viswanathapuram,2802,2,2,19,2500,7005000
Pasumalai,3305,3,2,18,3500,11567500
SS Colony,2708,2,1,24,2500,6770000
Alagarkoil Road,1527,3,2,45,3500,5344500
Vandiyur,1184,2,1,35,3000,3552000
Bypass Road,814,2,1,1,3000,2442000
Tiruparankundram,3100,1,2,36,3500,10850000
Palanganatham,1383,2,2,25,5000,6915000
Alagarkoil Road,2045,2,2,45,2000,4090000
Koodal Nagar,2921,1,1,43,2500,7302500
Viswanathapuram,762,3,1,34,2500,1905000
Anna Nagar,3475,3,1,25,2500,8687500
Krishnapuram Colony,3156,2,1,16,3000,9468000
Periyar,2795,3,1,34,2500,6987500
Anaiyur,3389,2,1,29,2000,6778000
Iyer Bungalow,2639,1,2,19,2000,5278000
North Veli Street,2349,1,2,23,3500,8221500
KK Nagar,2366,2,1,19,3000,7098000
Andalpuram,2866,1,2,25,2000,5732000
Villapuram,3436,1,2,16,5000,17180000
Alagarkoil Road,2341,2,1,9,3000,7023000
SS Colony,2088,2,1,1,3000,6264000
Mattuthavani,2403,1,2,42,2000,4806000
Ponmeni,2168,3,1,19,5000,10840000
Periyar,1308,3,1,33,3500,4578000
Iyer Bungalow,676,2,2,34,2000,1352000
Melakkal Road,2746,2,1,16,5000,13730000
Madakulam,3210,3,2,44,3000,9630000
Bypass Road,3447,1,2,40,5000,17235000
Kodikulam,2703,3,2,18,3000,8109000
North Veli Street,2195,3,2,34,2000,4390000
Iyer Bungalow,1363,3,2,25,2000,2726000
Chokkikulam,3246,3,1,45,2500,8115000
Alagarkoil Road,3064,2,1,6,2500,7660000
Periyar,1127,2,1,21,2500,2817500
Vandiyur,1616,1,1,6,2000,3232000
Anna Nagar,3314,1,2,32,3500,11599000
Anna Nagar,950,1,2,41,2000,1900000
Ponmeni,1100,1,1,48,5000,5500000
Sellur,2851,3,2,43,2000,5702000
Narimedu,974,2,1,39,2000,1948000
Chokkikulam,3467,2,1,31,3000,10401000
Alagarkoil Road,868,1,1,42,3000,2604000
Lakshmipuram,3420,1,2,10,3000,10260000
Bypass Road,2123,3,2,30,2000,4246000
Narimedu,1726,3,2,18,3500,6041000
Tallakulam,1287,1,2,24,5000,6435000
Chokkikulam,1259,2,1,9,5000,6295000
Kodikulam,838,2,2,31,3500,2933000
Villapuram,1132,2,2,15,3500,3962000
Narimedu,2848,1,2,4,5000,14240000
Villapuram,3301,2,1,40,2500,8252500
Avaniyapuram,1893,3,1,9,3000,5679000
Nethaji Road,3103,3,2,45,3000,9309000
Melur Road,1746,1,2,9,5000,8730000
Ponmeni,1791,3,2,26,3500,6268500
Nethaji Road,3162,1,2,4,2500,7905000
Koodal Nagar,1885,2,1,17,5000,9425000
North Veli Street,1159,2,2,16,3000,3477000
Anaiyur,2269,2,2,15,2000,4538000
Anaiyur,1771,3,2,35,3500,6198500
Lakshmipuram,1036,1,1,5,2000,2072000
Tallakulam,1274,2,1,5,5000,6370000
Andalpuram,2491,1,2,20,3000,7473000
Alagarkoil Road,3299,2,2,15,2500,8247500
Krishnapuram Colony,1623,3,2,18,2000,3246000
Chokkikulam,1077,3,2,47,2500,2692500
Bypass Road,3231,1,2,2,3000,9693000
Othakadai,921,3,1,29,2000,1842000
Kodikulam,876,3,1,13,2500,2190000
Vandiyur,2196,1,1,4,2500,5490000
Pasumalai,2238,2,2,42,2000,4476000
Tiruparankundram,1757,3,1,45,3000,5271000
Melur Road,3053,1,1,10,2500,7632500
Alagarkoil Road,669,3,1,31,5000,3345000
Palanganatham,2061,3,2,41,2000,4122000
Othakadai,3198,3,2,8,3500,11193000
Thiruppalai,2958,3,1,3,3500,10353000
Viswanathapuram,1104,1,2,48,3000,3312000
Bypass Road,3147,1,1,46,5000,15735000
Narimedu,1735,1,1,9,2500,4337500
Palanganatham,1650,3,1,30,3500,5775000
Melur Road,2638,3,1,11,3000,7914000
Kodikulam,1134,3,2,35,5000,5670000
Periyar,1716,1,2,37,5000,8580000
Koodal Nagar,3255,3,2,42,3000,9765000
Madakulam,859,2,2,13,3000,2577000
Kodikulam,2367,3,1,36,2500,5917500
Othakadai,2236,2,2,13,3000,6708000
Iyer Bungalow,3250,3,1,12,2500,8125000
KK Nagar,802,1,2,37,2500,2005000
Uthangudi,3180,3,2,10,2000,6360000
Periyar,1329,2,2,9,5000,6645000
Madakulam,2420,2,1,7,5000,12100000
Narimedu,2696,3,1,2,5000,13480000
Mattuthavani,2487,2,1,23,2000,4974000
Tallakulam,3052,2,1,39,2500,7630000
Kodikulam,3150,1,2,40,2500,7875000
Narayanapuram,2939,3,1,39,3000,8817000
Pasumalai,2233,3,1,21,2000,4466000
Vandiyur,2340,3,2,23,3000,7020000
Melur Road,3113,2,2,29,2000,6226000
Avaniyapuram,2590,3,1,14,3000,7770000
Pasumalai,2706,3,2,26,3500,9471000
SS Colony,3427,1,1,5,5000,17135000
Narimedu,1789,1,2,31,5000,8945000
Thirunagar,2968,1,1,25,2500,7420000
Nethaji Road,2225,2,1,31,3500,7787500
Anna Nagar,3144,3,1,20,5000,15720000
Avaniyapuram,3289,1,1,44,2500,8222500
SS Colony,3137,1,1,17,3500,10979500
Thirunagar,2901,1,2,45,5000,14505000
Alagarkoil Road,3405,3,1,2,3000,10215000
Alagarkoil Road,2993,3,1,25,2000,5986000
Thirunagar,2576,3,1,13,3500,9016000
Sellur,2401,2,1,39,2500,6002500
North Veli Street,2694,2,1,28,3500,9429000
Alagarkoil Road,868,1,1,42,3000,2604000
Lakshmipuram,3420,1,2,10,3000,10260000
Bypass Road,2123,3,2,30,2000,4246000
Narimedu,1726,3,2,18,3500,6041000
Tallakulam,1287,1,2,24,5000,6435000
Chokkikulam,1259,2,1,9,5000,6295000
Kodikulam,838,2,2,31,3500,2933000
Villapuram,1132,2,2,15,3500,3962000
Narimedu,2848,1,2,4,5000,14240000
Villapuram,3301,2,1,40,2500,8252500
Avaniyapuram,1893,3,1,9,3000,5679000
Nethaji Road,3103,3,2,45,3000,9309000
Melur Road,1746,1,2,9,5000,8730000
Ponmeni,1791,3,2,26,3500,6268500
Nethaji Road,3162,1,2,4,2500,7905000
Koodal Nagar,1885,2,1,17,5000,9425000
North Veli Street,1159,2,2,16,3000,3477000
Anaiyur,2269,2,2,15,2000,4538000
Anaiyur,1771,3,2,35,3500,6198500
Lakshmipuram,1036,1,1,5,2000,2072000
Tallakulam,1274,2,1,5,5000,6370000
Andalpuram,2491,1,2,20,3000,7473000
Alagarkoil Road,3299,2,2,15,2500,8247500
Krishnapuram Colony,1623,3,2,18,2000,3246000
Chokkikulam,1077,3,2,47,2500,2692500
Bypass Road,3231,1,2,2,3000,9693000
Othakadai,921,3,1,29,2000,1842000
Kodikulam,876,3,1,13,2500,2190000
Vandiyur,2196,1,1,4,2500,5490000
Pasumalai,2238,2,2,42,2000,4476000
Tiruparankundram,1757,3,1,45,3000,5271000
Melur Road,3053,1,1,10,2500,7632500
Alagarkoil Road,669,3,1,31,5000,3345000
Palanganatham,2061,3,2,41,2000,4122000
Othakadai,3198,3,2,8,3500,11193000
Thiruppalai,2958,3,1,3,3500,10353000
Viswanathapuram,1104,1,2,48,3000,3312000
Bypass Road,3147,1,1,46,5000,15735000
Narimedu,1735,1,1,9,2500,4337500
Palanganatham,1650,3,1,30,3500,5775000
Melur Road,2638,3,1,11,3000,7914000
Kodikulam,1134,3,2,35,5000,5670000
Periyar,1716,1,2,37,5000,8580000
Koodal Nagar,3255,3,2,42,3000,9765000
Madakulam,859,2,2,13,3000,2577000
Kodikulam,2367,3,1,36,2500,5917500
Othakadai,2236,2,2,13,3000,6708000
Iyer Bungalow,3250,3,1,12,2500,8125000
KK Nagar,802,1,2,37,2500,2005000
Uthangudi,3180,3,2,10,2000,6360000
Periyar,1329,2,2,9,5000,6645000
Madakulam,2420,2,1,7,5000,12100000
Narimedu,2696,3,1,2,5000,13480000
Mattuthavani,2487,2,1,23,2000,4974000
Tallakulam,3052,2,1,39,2500,7630000
Kodikulam,3150,1,2,40,2500,7875000
Narayanapuram,2939,3,1,39,3000,8817000
Pasumalai,2233,3,1,21,2000,4466000
Vandiyur,2340,3,2,23,3000,7020000
Melur Road,3113,2,2,29,2000,6226000
Avaniyapuram,2590,3,1,14,3000,7770000
Pasumalai,2706,3,2,26,3500,9471000
SS Colony,3427,1,1,5,5000,17135000
Narimedu,1789,1,2,31,5000,8945000
Thirunagar,2968,1,1,25,2500,7420000
Nethaji Road,2225,2,1,31,3500,7787500
Anna Nagar,3144,3,1,20,5000,15720000
Avaniyapuram,3289,1,1,44,2500,8222500
SS Colony,3137,1,1,17,3500,10979500
Thirunagar,2901,1,2,45,5000,14505000
Alagarkoil Road,3405,3,1,2,3000,10215000
Alagarkoil Road,2993,3,1,25,2000,5986000
Thirunagar,2576,3,1,13,3500,9016000
Sellur,2401,2,1,39,2500,6002500
North Veli Street,2694,2,1,28,3500,9429000
